topic_number,topic_mix,is_creative,name,sector
0,"0.045*""sales-professionals"" + 0.036*""motivation"" + 0.034*""entrepreneurship"" + 0.027*""business-growth"" + 0.027*""sales-management"" + 0.025*""business-entrepreneur-networking"" + 0.018*""positive-thinking"" + 0.018*""sales-and-marketing-training"" + 0.018*""direct-sales"" + 0.018*""marketing-and-sales""",1,sales,advertising
1,"0.055*""odoo"" + 0.055*""openerp"" + 0.054*""finance"" + 0.054*""accounting"" + 0.038*""science-and-technology"" + 0.037*""erp-software"" + 0.036*""erp-consulting"" + 0.036*""cognitive-science"" + 0.024*""opensource"" + 0.022*""web""",,,
2,"0.092*""technology-startups"" + 0.091*""newtech"" + 0.090*""startup-businesses"" + 0.085*""web"" + 0.068*""entrepreneurship"" + 0.057*""mobile-technology"" + 0.053*""internet-startups"" + 0.049*""computer-programming"" + 0.049*""softwaredev"" + 0.041*""web-development""",1,startups,software
3,"0.099*""software-engineering"" + 0.070*""softwaredev"" + 0.070*""computer-programming"" + 0.047*""newtech"" + 0.040*""software-architecture"" + 0.036*""new-product-development-software-tech"" + 0.034*""engineering"" + 0.033*""agile-project-management"" + 0.032*""opensource"" + 0.023*""software-qa-and-testing""",1,programming,software
4,"0.115*""small-business-owners"" + 0.105*""founder-institute"" + 0.086*""online-marketing"" + 0.063*""business-strategy"" + 0.056*""marketing"" + 0.053*""devops-automation"" + 0.053*""containers"" + 0.042*""startup-businesses"" + 0.030*""technology-startups"" + 0.016*""entrepreneurship""",,,
5,"0.124*""google"" + 0.093*""android"" + 0.069*""google-developer-group"" + 0.041*""web"" + 0.039*""android-developers"" + 0.039*""newtech"" + 0.038*""softwaredev"" + 0.034*""google-apps"" + 0.023*""edtech"" + 0.023*""google-app-engine""",1,android,software
6,"0.040*""business-strategy"" + 0.029*""innovation"" + 0.029*""digital-marketing-analytics"" + 0.027*""lego-serious-play"" + 0.027*""serious-play"" + 0.027*""metodologia-lego-serious-play"" + 0.027*""lego"" + 0.027*""collaboration-between-creative-minds"" + 0.026*""internetpro"" + 0.015*""building-an-online-business""",,,
7,"0.046*""civic-engagement-technology"" + 0.038*""open-data"" + 0.036*""social-innovation"" + 0.036*""scaling-agile"" + 0.034*""civic-hacking"" + 0.024*""lean"" + 0.024*""civic-engagement"" + 0.023*""civic-action"" + 0.023*""open-government"" + 0.022*""data-science""",1,open_data,software
8,"0.074*""computer-programming"" + 0.072*""applied-statistics"" + 0.050*""r-project-for-statistical-computing"" + 0.042*""newtech"" + 0.041*""opensource"" + 0.041*""softwaredev"" + 0.039*""data-analytics"" + 0.035*""data-science"" + 0.029*""meteor"" + 0.025*""open-source-frameworks""",1,analytics,software
9,"0.100*""devops"" + 0.091*""cloud-computing"" + 0.087*""opensource"" + 0.072*""sysadmin"" + 0.069*""linux"" + 0.053*""virtualization"" + 0.047*""continuous-delivery"" + 0.041*""infrastructure-as-code"" + 0.039*""configuration-management"" + 0.039*""openstack""",1,it,software
10,"0.030*""organization-development"" + 0.025*""prodev"" + 0.021*""human-resource-consultants"" + 0.020*""social-networking-business-networking-jobs"" + 0.020*""mens-social-networking"" + 0.016*""technology-startups"" + 0.013*""entrepreneurship"" + 0.013*""business-strategy"" + 0.013*""socialnetwork"" + 0.012*""emprendedores""",,,
11,"0.047*""windows"" + 0.046*""angular-2"" + 0.031*""microsft"" + 0.031*""opscode-chef"" + 0.016*""android"" + 0.016*""xamarin"" + 0.016*""ruby"" + 0.016*""php"" + 0.016*""transformation"" + 0.016*""microsoft-technology""",1,microsoft,software
12,"0.108*""social-entrepreneurship"" + 0.072*""business-entrepreneur-networking"" + 0.072*""professional-bussiness-networking"" + 0.069*""green-entrepreneurs"" + 0.062*""business-strategy"" + 0.062*""entrepreneurship"" + 0.047*""young-entrepreneur"" + 0.043*""smallbiz"" + 0.043*""small-business-marketing-strategy"" + 0.042*""innovation""",,,
13,"0.052*""newcareer"" + 0.052*""job-search"" + 0.044*""career-network"" + 0.033*""job-interviews-move-up-get-a-job-preparation"" + 0.031*""professional-networking"" + 0.028*""content-strategy"" + 0.022*""cloudera"" + 0.022*""it-professionals"" + 0.022*""objective-c"" + 0.022*""swift-language""",,,
14,"0.113*""financial-education"" + 0.108*""investing"" + 0.075*""financial-freedom"" + 0.065*""financial-planning"" + 0.063*""finance"" + 0.053*""money"" + 0.050*""financial-independence"" + 0.045*""personal-finance"" + 0.045*""wealth-creation"" + 0.021*""entrepreneurship""",,,
15,"0.099*""toastmasters"" + 0.096*""fear-of-public-speaking"" + 0.091*""publicspeaking"" + 0.082*""leadership"" + 0.080*""communication-skills"" + 0.075*""prodev"" + 0.064*""presentations"" + 0.039*""personal-development"" + 0.037*""communication"" + 0.023*""impromptu-speaking""",,,
16,"0.035*""knowledge-sharing"" + 0.031*""share-ideas-contacts-business-referrals"" + 0.031*""ideas-worth-spreading"" + 0.029*""prodev"" + 0.028*""business-strategy"" + 0.017*""xp"" + 0.016*""collaboration-between-creative-minds"" + 0.016*""productdesign"" + 0.016*""php"" + 0.016*""software-craftsmanship""",,,
17,"0.127*""small-business-networking"" + 0.090*""networking-leads"" + 0.039*""career-network"" + 0.037*""small-business-owners"" + 0.031*""wordpress-seo"" + 0.031*""appcelerator"" + 0.031*""appcelerator-titanium"" + 0.031*""building-android-apps-with-appcelerator-titanium"" + 0.030*""b2b-networking"" + 0.021*""decentralized-systems""",,,
18,"0.076*""hcm"" + 0.061*""recruiting-and-hiring"" + 0.061*""networking-with-hr-professionals"" + 0.059*""hr"" + 0.046*""recruiting"" + 0.046*""stategic-hr"" + 0.046*""recruitment"" + 0.031*""technical-recruiting"" + 0.016*""business-entrepreneur-networking"" + 0.016*""innovation""",,0,
19,"0.171*""online-marketing"" + 0.138*""social-media-marketing"" + 0.124*""digital-marketing"" + 0.102*""social-media"" + 0.072*""marketing"" + 0.058*""digital-media"" + 0.041*""business-strategy"" + 0.026*""entrepreneurship"" + 0.025*""edtech"" + 0.024*""professional-networking""",1,digital_marketing,advertising
20,"0.025*""learning"" + 0.024*""communication-skills"" + 0.023*""small-business-marketing-strategy"" + 0.017*""prodev"" + 0.014*""professional-networking"" + 0.013*""softwaredev"" + 0.012*""automation"" + 0.012*""intellectual-discussion"" + 0.012*""programming-with-html-css-php-mysql"" + 0.012*""ceos-founders""",,,
21,"0.102*""professional-networking"" + 0.091*""entrepreneurship"" + 0.089*""business-strategy"" + 0.084*""smallbiz"" + 0.052*""business-entrepreneur-networking"" + 0.051*""small-business-marketing-strategy"" + 0.048*""socialnetwork"" + 0.044*""business-referral-networking"" + 0.042*""startup-businesses"" + 0.037*""women-entrepreneurs""",,,
22,"0.090*""self-empowerment"" + 0.078*""leadership-development"" + 0.064*""professional-networking"" + 0.060*""entrepreneurship"" + 0.058*""prodev"" + 0.056*""leadership"" + 0.049*""executive-coaching"" + 0.036*""publicspeaking"" + 0.032*""communication-skills"" + 0.030*""personal-development""",,,
23,"0.032*""newtech"" + 0.026*""erp"" + 0.017*""virtual-reality"" + 0.016*""professional-networking"" + 0.015*""robotics"" + 0.013*""startup-businesses"" + 0.013*""website-design-and-development-classes"" + 0.013*""sap-basis"" + 0.013*""wordpress-small-business-websites"" + 0.013*""sap""",1,tech,software
24,"0.133*""functional-programming"" + 0.086*""programming-languages"" + 0.061*""softwaredev"" + 0.056*""scala"" + 0.053*""computer-programming"" + 0.042*""opensource"" + 0.041*""haskell"" + 0.030*""erlang-programming"" + 0.028*""newtech"" + 0.028*""clojure""",1,functional_programming,software
25,"0.147*""programming-languages"" + 0.071*""computer-programming"" + 0.068*""opensource"" + 0.046*""django"" + 0.046*""python"" + 0.044*""python-web-development"" + 0.039*""softwaredev"" + 0.039*""linux"" + 0.038*""functional-programming-in-python"" + 0.031*""open-source-python""",1,programming,software
26,"0.078*""witi"" + 0.049*""wwc"" + 0.049*""women-who-code"" + 0.045*""php"" + 0.036*""python"" + 0.035*""programming-languages"" + 0.030*""cms"" + 0.029*""drupal"" + 0.029*""opensource"" + 0.029*""wordpress""",,,
27,"0.032*""nutrition"" + 0.028*""technology-startups"" + 0.024*""professional-networking"" + 0.021*""farmersmarket"" + 0.021*""sustainable-community"" + 0.021*""sustainable-food"" + 0.021*""green-entrepreneurs"" + 0.021*""mobile-startups"" + 0.019*""social-entrepreneurship"" + 0.016*""internet-startups""",,,
28,"0.156*""javascript"" + 0.105*""html5"" + 0.104*""javascript-frameworks"" + 0.090*""nodejs"" + 0.088*""web-development"" + 0.066*""computer-programming"" + 0.065*""front-end-development"" + 0.054*""softwaredev"" + 0.034*""css"" + 0.030*""webdesign""",1,web_development,software
29,"0.082*""softwaredev"" + 0.057*""dotnet"" + 0.053*""asp-net"" + 0.048*""csharp"" + 0.046*""asp-net-mvc"" + 0.045*""sqlserver"" + 0.043*""computer-programming"" + 0.039*""web-development"" + 0.033*""programming-languages"" + 0.030*""windows-azure-platform""",1,software_development,software
30,"0.092*""xamarin"" + 0.083*""mobile-development"" + 0.083*""csharp"" + 0.082*""dotnet"" + 0.054*""cross-platform-development"" + 0.053*""ios-development"" + 0.049*""android-developers"" + 0.040*""softwaredev"" + 0.040*""mobile-technology"" + 0.033*""xamarin-forms""",1,mobile,software
31,"0.144*""agile-project-management"" + 0.096*""scrum"" + 0.081*""agile-transformation"" + 0.081*""agile-coaching"" + 0.066*""agile-leadership"" + 0.056*""kanban"" + 0.046*""xp"" + 0.044*""agile-testing"" + 0.036*""softwaredev"" + 0.024*""lean-project-management""",1,agile,software
32,"0.165*""android-developers"" + 0.153*""ios-development"" + 0.147*""mobile-development"" + 0.103*""mobile-technology"" + 0.073*""computer-programming"" + 0.059*""softwaredev"" + 0.049*""newtech"" + 0.024*""web-development"" + 0.016*""mysql"" + 0.015*""java""",1,apps,software
33,"0.130*""lean-startup"" + 0.106*""startup-businesses"" + 0.101*""technology-startups"" + 0.084*""internet-startups"" + 0.082*""entrepreneurship"" + 0.057*""startup-incubation-and-entrepreneurship-mentors"" + 0.052*""business-entrepreneur-networking"" + 0.049*""venture-capital"" + 0.034*""angel-investors"" + 0.026*""newtech""",1,startups,software
34,"0.057*""automation"" + 0.036*""test-automation"" + 0.020*""edtech"" + 0.019*""technology"" + 0.019*""apis"" + 0.019*""it-infrastructure"" + 0.019*""web-api-design"" + 0.019*""test-automation-frameworks"" + 0.019*""vmware"" + 0.019*""cloud-security""",1,automation,software
35,"0.035*""socially-responsible-business"" + 0.023*""biotechnology"" + 0.023*""rc"" + 0.023*""artes-plasticas"" + 0.023*""software-development-process"" + 0.023*""new-product-development-software-tech"" + 0.023*""social-networking-for-software-developers"" + 0.023*""software-development-technologies"" + 0.023*""drones"" + 0.021*""3d-printing""",,,
36,"0.142*""robotics"" + 0.113*""arduino"" + 0.113*""electronics"" + 0.041*""high-scalability-computing"" + 0.038*""opensource"" + 0.037*""diy"" + 0.035*""microcontroller"" + 0.029*""edtech"" + 0.027*""internet-of-things"" + 0.027*""smart-sensors""",1,making,design
37,"0.049*""professional-networking"" + 0.025*""entrepreneurship"" + 0.022*""google-adwords"" + 0.022*""softwaredev"" + 0.022*""technology"" + 0.019*""seo-search-engine-optimization"" + 0.014*""business-entrepreneur-networking"" + 0.011*""newtech"" + 0.011*""android"" + 0.011*""internetpro""",,,
38,"0.120*""creative"" + 0.104*""freelance"" + 0.079*""creative-freelancers"" + 0.051*""entrepreneurship"" + 0.044*""collaboration-between-creative-minds"" + 0.041*""professional-networking"" + 0.041*""workathome"" + 0.040*""coworking"" + 0.032*""business-strategy"" + 0.031*""startup-businesses""",1,feelance,freelance
39,"0.072*""linux-server"" + 0.071*""opensource"" + 0.063*""softwaredev"" + 0.046*""gnu-linux"" + 0.043*""ubuntu"" + 0.037*""linux"" + 0.030*""backend"" + 0.030*""webstandards"" + 0.030*""red-hat-enterprise-linux-rhel"" + 0.027*""hacking""",1,linux,software
40,"0.090*""projectmgmt"" + 0.055*""project-management-tools"" + 0.052*""project-management-professional"" + 0.046*""agile-project-management"" + 0.039*""lean-project-management"" + 0.033*""pmp"" + 0.031*""project-management-practices"" + 0.031*""project-management-coaching"" + 0.030*""pmp-tools"" + 0.023*""startup-businesses""",,,
41,"0.030*""hyperledger"" + 0.030*""ibd"" + 0.028*""sustentabilidad"" + 0.023*""green-entrepreneurs"" + 0.016*""innovation"" + 0.016*""startup-financing"" + 0.016*""newtech"" + 0.015*""self-exploration"" + 0.015*""internet-of-things"" + 0.015*""blockchain-development""",,,
42,"0.136*""collaboration-between-creative-minds"" + 0.135*""collaboration"" + 0.041*""real-estate"" + 0.033*""professional-networking"" + 0.027*""women-entrepreneurs"" + 0.020*""marketing"" + 0.019*""business-strategy"" + 0.018*""referral-marketing"" + 0.017*""sustainability"" + 0.016*""b2b-networking""",,,
43,"0.134*""womens-business-networking"" + 0.103*""professional-women"" + 0.068*""womens-empowerment"" + 0.057*""womens-networking"" + 0.051*""women-small-business-owners"" + 0.051*""women"" + 0.042*""women-entrepreneurs"" + 0.041*""prodev"" + 0.033*""female-entrepreneurs"" + 0.029*""womens-support""",,,
44,"0.047*""marketing-y-publicacion-de-videojuegos"" + 0.023*""kubernetes-cdi"" + 0.023*""celulas-de-produccion-karaokulta-por-ciudad"" + 0.023*""container-networking"" + 0.023*""kubernetes"" + 0.023*""online-videogames"" + 0.023*""cloud-native-computing"" + 0.023*""kubernetes-cni"" + 0.023*""cloud-native"" + 0.023*""containers""",,,
45,"0.178*""courses-and-workshops"" + 0.047*""magento"" + 0.032*""magento-meetups"" + 0.019*""internet-ecommerce"" + 0.018*""emprendedores"" + 0.016*""php"" + 0.016*""business-growth"" + 0.016*""professional-bussiness-networking"" + 0.016*""makers"" + 0.016*""magento-enterprise""",,,
46,"0.106*""entrepreneurship"" + 0.081*""startup-businesses"" + 0.077*""emprendedores"" + 0.068*""innovation"" + 0.065*""business-entrepreneur-networking"" + 0.062*""professional-networking"" + 0.061*""business-development"" + 0.051*""social-entrepreneurship"" + 0.043*""business"" + 0.039*""women-entrepreneurs""",,,
47,"0.031*""content-marketing"" + 0.031*""seo-search-engine-optimization"" + 0.021*""data"" + 0.021*""lead-nurturing"" + 0.021*""inbound-marketing"" + 0.021*""networking-for-job-seekers"" + 0.021*""prototyping"" + 0.021*""search-engine-marketing"" + 0.021*""marketing-automation"" + 0.021*""meet-your-neighborhood-linux-users""",1,content_marketing,advertising
48,"0.095*""gamedev"" + 0.078*""gameprog"" + 0.074*""independent-game-development"" + 0.074*""game-design"" + 0.063*""videogame"" + 0.062*""video-game-development"" + 0.058*""video-game-design"" + 0.058*""unity"" + 0.045*""indie-games"" + 0.039*""game-production""",1,games_development,games
49,"0.167*""3d-printing"" + 0.020*""drones"" + 0.019*""professional-women"" + 0.019*""html5-game-development"" + 0.019*""3d-graphics"" + 0.019*""drone"" + 0.019*""personal-robots"" + 0.019*""brides-and-bridal-parties"" + 0.019*""html5-gaming"" + 0.019*""wedding-event-professionals""",1,3d_printing,design
50,"0.096*""financial-technology"" + 0.079*""financial-innovation"" + 0.066*""financial-services"" + 0.055*""newintown"" + 0.048*""socialnetwork"" + 0.037*""sketch-app"" + 0.037*""entrepreneurship"" + 0.034*""finance"" + 0.032*""bitcoin"" + 0.028*""ui-design""",,,
51,"0.042*""pmi"" + 0.037*""computer-programming"" + 0.034*""pmp-certification"" + 0.034*""project-management-professional-certification"" + 0.034*""pmp-exam"" + 0.026*""concurrent-programming"" + 0.026*""go"" + 0.025*""pmi-certification"" + 0.025*""golang"" + 0.023*""pmp""",,,
52,"0.038*""newtech"" + 0.030*""jvm-languages"" + 0.030*""android"" + 0.030*""kotlin"" + 0.027*""capacitacion"" + 0.027*""it-professionals"" + 0.027*""certificaciones"" + 0.015*""web"" + 0.015*""radio-control-flying"" + 0.015*""computer-networking""",,,
53,"0.032*""mono"" + 0.032*""big-data-developers"" + 0.030*""crm"" + 0.022*""newtech"" + 0.022*""saas-software-as-a-service"" + 0.021*""emprendedores"" + 0.021*""human-computer-interaction"" + 0.021*""c-csharp"" + 0.021*""enterprise-ar-mr-vr"" + 0.021*""zoho-crm""",,,
54,"0.065*""test-driven-development"" + 0.054*""elixir-programming"" + 0.044*""software-quality"" + 0.043*""software-qa-and-testing"" + 0.043*""software-testing"" + 0.043*""distributed-systems"" + 0.037*""test-automation"" + 0.032*""otp"" + 0.032*""quality-assurance"" + 0.032*""elixir""",1,testing,software
55,"0.038*""knowledge-sharing"" + 0.030*""entrepreneurship"" + 0.026*""startup-businesses"" + 0.023*""finance"" + 0.022*""prodev"" + 0.021*""makers"" + 0.020*""hablar-en-publico"" + 0.020*""communication-skills"" + 0.020*""data-analysis-and-modeling"" + 0.020*""data-analysis""",,,
56,"0.093*""java-virtual-machine"" + 0.080*""java"" + 0.073*""application-development"" + 0.056*""litecoin"" + 0.039*""android-developers"" + 0.037*""programming-languages"" + 0.037*""java-concurrency"" + 0.036*""mobile-development"" + 0.031*""opensource"" + 0.019*""dogecoin""",1,java,software
57,"0.120*""web-development"" + 0.108*""softwaredev"" + 0.104*""computer-programming"" + 0.104*""web"" + 0.080*""opensource"" + 0.074*""newtech"" + 0.055*""webdesign"" + 0.035*""internetpro"" + 0.032*""javascript"" + 0.031*""mobile-development""",1,web_development_2,software
58,"0.079*""ux-design"" + 0.071*""user-experience"" + 0.060*""ixd"" + 0.047*""user-interface-design"" + 0.040*""mobile-user-experience"" + 0.037*""graphicdesign"" + 0.037*""webdesign"" + 0.033*""productdesign"" + 0.033*""usability"" + 0.030*""ui-design""",1,ux,design
59,"0.074*""coworking"" + 0.073*""co-working-space"" + 0.069*""freelance"" + 0.061*""creative-freelancers"" + 0.061*""startup-businesses"" + 0.050*""entrepreneurship"" + 0.048*""coworking-space"" + 0.036*""coworkers"" + 0.031*""smallbiz"" + 0.028*""workathome""",1,feelance_2,freelance
60,"0.104*""computer-security"" + 0.070*""information-security"" + 0.065*""network-security"" + 0.059*""ethical-hacker"" + 0.059*""web-security"" + 0.046*""software-security"" + 0.040*""web-application-security"" + 0.040*""cybersecurity"" + 0.040*""cloud-security"" + 0.033*""whitehat""",1,cybersecurity,software
61,"0.044*""programming-languages"" + 0.043*""sinatra-ruby-framework"" + 0.042*""software-libre"" + 0.042*""computer-programming"" + 0.031*""opensource"" + 0.031*""edtech"" + 0.029*""technology-professionals"" + 0.029*""gnu-linux"" + 0.029*""groovy"" + 0.022*""hacking""",1,programming_2,software
62,"0.085*""raspberry-pi"" + 0.075*""open-source-hardware"" + 0.066*""microcontroller"" + 0.057*""robotics"" + 0.051*""arduino"" + 0.050*""electronics"" + 0.046*""opensource"" + 0.037*""newtech"" + 0.032*""embedded-systems"" + 0.026*""makers""",1,open_source_hardware,design
63,"0.080*""bitcoin-security"" + 0.064*""how-to-invest-in-bitcoin"" + 0.052*""money"" + 0.048*""decentralization"" + 0.040*""how-to-safely-store-your-bitcoin"" + 0.039*""entrepreneurship"" + 0.035*""newtech"" + 0.024*""crypto-tokens-ethereum"" + 0.016*""technology-startups"" + 0.016*""technology-professionals""",,,
64,"0.069*""web"" + 0.055*""web-development"" + 0.050*""web-application-development"" + 0.037*""test-driven-development"" + 0.037*""softwaredev"" + 0.026*""entreprise"" + 0.026*""ui-ux"" + 0.025*""innovation"" + 0.025*""ionic-framework"" + 0.024*""lean-startup""",1,web_development_3,software
65,"0.063*""business-innovation"" + 0.045*""lean-ux"" + 0.042*""pymes"" + 0.034*""ui-ux-design"" + 0.034*""redes-de-contacto"" + 0.034*""sealliance"" + 0.033*""young-entrepreneur"" + 0.030*""entrepreneurship"" + 0.024*""ux-design"" + 0.022*""professional-networking""",,,
66,"0.067*""seo-search-engine-optimization"" + 0.059*""marketing-strategy"" + 0.030*""social-media-for-social-change"" + 0.025*""seo-for-small-businesses"" + 0.025*""seo-for-small-to-medium-sized-businesses"" + 0.015*""women-entrepreneurs"" + 0.015*""personal-development"" + 0.015*""entrepreneurship"" + 0.015*""smallbiz"" + 0.015*""emprendedores""",1,digital_marketing_2,advertising
67,"0.144*""internet-ecommerce"" + 0.109*""ecommerce-technology"" + 0.077*""ecommerce-marketing"" + 0.063*""internet-retail"" + 0.045*""building-an-online-business"" + 0.044*""startup-businesses"" + 0.039*""web"" + 0.026*""seo-search-engine-optimization"" + 0.025*""email-marketing-ecommerce"" + 0.021*""online-marketing""",1,ecommerce,advertising
68,"0.128*""edtech"" + 0.112*""newtech"" + 0.086*""learning"" + 0.065*""makerspaces"" + 0.063*""knowledge-sharing"" + 0.062*""makers"" + 0.054*""computer-programming"" + 0.051*""hacking"" + 0.050*""softwaredev"" + 0.034*""diy""",1,edtech,software
69,"0.055*""entrepreneurship"" + 0.039*""design-thinking"" + 0.025*""innovation"" + 0.023*""professional-networking"" + 0.021*""visual-thinking"" + 0.021*""social-innovation"" + 0.021*""makers"" + 0.020*""small-business-marketing-strategy"" + 0.016*""startup-businesses"" + 0.014*""seo-search-engine-optimization""",,,
70,"0.035*""entrepreneurship"" + 0.034*""google-technology-user-group"" + 0.030*""unreal-engine"" + 0.030*""group-coaching"" + 0.019*""nlp-coaching"" + 0.018*""business-strategy"" + 0.017*""small-business-marketing-strategy"" + 0.016*""google-apps"" + 0.016*""google-maps"" + 0.016*""google""",,,
71,"0.068*""hackers-and-makers"" + 0.034*""diy-technology"" + 0.030*""algorithms"" + 0.029*""data-engineering"" + 0.028*""young-makers"" + 0.019*""makerspaces"" + 0.017*""arduino"" + 0.016*""electronics"" + 0.016*""newtech"" + 0.015*""computer-programming""",1,hackers,design
72,"0.142*""cryptocurrency"" + 0.130*""bitcoin"" + 0.101*""digital-currency"" + 0.097*""blockchain"" + 0.079*""virtual-currency"" + 0.065*""ethereum"" + 0.064*""bitcoin-miners"" + 0.060*""newtech"" + 0.045*""cryptography"" + 0.042*""smart-contracts""",,,
73,"0.022*""women-entrepreneurs"" + 0.022*""business-entrepreneur-networking"" + 0.022*""technology-startups"" + 0.022*""app-developers"" + 0.022*""android"" + 0.022*""small-business-online-marketing"" + 0.022*""seo-search-engine-optimization"" + 0.022*""mobile-growth"" + 0.022*""growth-hacking"" + 0.022*""lectures""",,,
74,"0.138*""self-improvement"" + 0.080*""startup-businesses"" + 0.079*""professional-networking"" + 0.079*""business-strategy"" + 0.068*""entrepreneurship"" + 0.057*""prodev"" + 0.056*""innovation"" + 0.046*""leadership"" + 0.035*""self-empowerment"" + 0.033*""businessintell""",,,
75,"0.042*""mysql"" + 0.039*""php-framework"" + 0.024*""symfony2"" + 0.022*""real-estate-investors"" + 0.022*""women-business-networking"" + 0.022*""open-source-content-management"" + 0.021*""joomla"" + 0.020*""wordpress"" + 0.015*""cms"" + 0.015*""lampsoftware""",,,
76,"0.066*""intellectual-discussion"" + 0.054*""natural-language-processing"" + 0.036*""semweb"" + 0.033*""machine-intelligence"" + 0.033*""artificial-intelligence-machine-learning-robotics"" + 0.029*""ai"" + 0.025*""linked-data"" + 0.023*""big-data"" + 0.023*""python"" + 0.023*""artificial-intelligence-programming""",1,data_science,software
77,"0.034*""aws-programming-and-tools"" + 0.034*""amazon"" + 0.017*""vim-plugins"" + 0.017*""vim"" + 0.017*""ceph"" + 0.017*""functional-reactive-programming"" + 0.017*""learn-vim"" + 0.017*""unix"" + 0.017*""ruby-on-rails-amazon-web-services"" + 0.017*""growth-strategy""",1,amazon,software
78,"0.049*""unix"" + 0.034*""computer-science"" + 0.032*""gnu-linux"" + 0.032*""newtech"" + 0.023*""opensource"" + 0.023*""linux"" + 0.021*""free-software-and-hardware"" + 0.020*""softwaredev"" + 0.017*""internet-of-things"" + 0.017*""prodev""",1,unix,software
79,"0.031*""business-strategy"" + 0.026*""small-business-marketing-strategy"" + 0.025*""prodev"" + 0.022*""collaboration-between-creative-minds"" + 0.022*""business-ideas"" + 0.022*""digital-marketing-professionals"" + 0.022*""digital-publishing"" + 0.022*""computer"" + 0.021*""wellness"" + 0.020*""business-development""",,,
80,"0.168*""innovation"" + 0.086*""entrepreneurship"" + 0.083*""startup-businesses"" + 0.068*""emprendedores"" + 0.056*""technology-startups"" + 0.041*""business"" + 0.034*""business-entrepreneur-networking"" + 0.033*""newtech"" + 0.028*""brainstorming-ideas"" + 0.024*""inversionistas""",,,
81,"0.042*""master-data-management"" + 0.042*""data-governance"" + 0.029*""startup-businesses"" + 0.022*""datamanagement"" + 0.022*""social-media"" + 0.022*""business-strategy"" + 0.022*""collaboration"" + 0.021*""knowledge-sharing"" + 0.021*""airbnb"" + 0.021*""data-integration""",1,data_management,software
82,"0.089*""stock-trading"" + 0.089*""trading"" + 0.056*""options-trading"" + 0.056*""daytraders"" + 0.053*""investing"" + 0.052*""stock-investing"" + 0.045*""currency-trading"" + 0.034*""stocks-and-options"" + 0.034*""stock-market"" + 0.014*""travel""",,,
83,"0.082*""prodev"" + 0.082*""business-strategy"" + 0.070*""entrepreneurship"" + 0.068*""business-entrepreneur-networking"" + 0.056*""leadership"" + 0.042*""self-improvement"" + 0.034*""personal-development"" + 0.032*""startup-businesses"" + 0.027*""professional-networking"" + 0.026*""desarrollo-personal-y-liderazgo""",,,
84,"0.041*""ibm"" + 0.041*""projectmgmt"" + 0.022*""prodev"" + 0.022*""amazon-web-services"" + 0.022*""softwaredev"" + 0.021*""saas-software-as-a-service"" + 0.021*""paas"" + 0.021*""android-developers"" + 0.021*""cloud-computing"" + 0.020*""google-apps""",1,it_2,software
85,"0.120*""education"" + 0.065*""technology"" + 0.040*""business-intelligence-best-practices"" + 0.038*""web"" + 0.026*""seo-search-engine-optimization"" + 0.021*""emprendedores"" + 0.015*""edtech"" + 0.015*""newtech"" + 0.014*""internet-radio"" + 0.014*""podcasting""",1,edtech_2,software
86,"0.033*""swift-language"" + 0.033*""console-gaming"" + 0.020*""android"" + 0.019*""the-future-of-video-games"" + 0.017*""videogame"" + 0.017*""opensource"" + 0.017*""community-building"" + 0.017*""game-night"" + 0.017*""games"" + 0.017*""gaming""",1,games_development2,games
87,"0.137*""python"" + 0.086*""data-science-using-python"" + 0.084*""python-web-development"" + 0.054*""learn-python-the-hard-way"" + 0.051*""web-development"" + 0.049*""open-source-python"" + 0.034*""softwaredev"" + 0.025*""django"" + 0.022*""hackshackers"" + 0.021*""business-model-innovation""",1,python,software
88,"0.107*""big-data"" + 0.083*""data-analytics"" + 0.072*""big-data-analytics"" + 0.071*""predictive-analytics"" + 0.067*""data-science"" + 0.065*""data-visualization"" + 0.062*""hadoop"" + 0.057*""machine-learning"" + 0.053*""data-mining"" + 0.039*""businessintell""",1,big_data,software
89,"0.049*""community-building"" + 0.040*""community"" + 0.026*""angularjs"" + 0.026*""architecture"" + 0.022*""technology-startups"" + 0.019*""graphicdesign"" + 0.018*""witi"" + 0.018*""intdesign"" + 0.018*""angular2"" + 0.018*""software-design""",1,community,software
90,"0.125*""ai"" + 0.085*""chatbots"" + 0.070*""bots"" + 0.058*""robotics"" + 0.032*""newtech"" + 0.018*""machine-learning"" + 0.015*""edtech"" + 0.015*""makers"" + 0.014*""spacex"" + 0.014*""nanotech""",1,chatbots,software
91,"0.046*""firebase"" + 0.018*""smallbiz"" + 0.018*""entrepreneurship"" + 0.017*""computer-programming"" + 0.016*""trading"" + 0.016*""stock-investing"" + 0.016*""funds"" + 0.016*""real-estate-investors"" + 0.016*""juststart"" + 0.016*""business""",,,
92,"0.040*""business-strategy"" + 0.039*""ria"" + 0.039*""reactjs"" + 0.037*""business-startup"" + 0.033*""writing"" + 0.024*""diy"" + 0.021*""entrepreneurship"" + 0.020*""angularjs"" + 0.020*""prodev"" + 0.020*""communication-skills""",,,
93,"0.045*""career-coaching"" + 0.030*""sales"" + 0.028*""construction"" + 0.028*""contactos"" + 0.026*""nlp-coaching"" + 0.024*""online-marketing"" + 0.022*""internet-ecommerce"" + 0.020*""web"" + 0.019*""sales-training"" + 0.019*""prestashop""",,,
94,"0.100*""stream-processing"" + 0.051*""apache-apex"" + 0.051*""building-private-cloud-with-openstack"" + 0.045*""opensource"" + 0.027*""computer-programming"" + 0.026*""devops"" + 0.026*""big-data-ingestion"" + 0.026*""it-professionals"" + 0.026*""devops-automation"" + 0.026*""learning-drupal""",,,
95,"0.058*""augmented-reality"" + 0.056*""virtual-reality"" + 0.048*""oculus-rift"" + 0.041*""htc-vive"" + 0.038*""vr-glasses"" + 0.038*""virtual-worlds"" + 0.027*""newtech"" + 0.021*""mixed-reality"" + 0.011*""computer-science"" + 0.011*""computer-security""",1,vr,games
96,"0.058*""lifetransform"" + 0.039*""executive-coaching"" + 0.024*""innovation"" + 0.022*""entrepreneurship"" + 0.020*""women-entrepreneurs"" + 0.020*""investing"" + 0.019*""leadership"" + 0.019*""professional-bussiness-networking"" + 0.019*""libertad-financiera"" + 0.019*""mujeres-hispanas-profesionales-y-de-negocios""",,,
97,"0.195*""javascript-applications"" + 0.096*""web"" + 0.059*""software-design"" + 0.025*""softwaredev"" + 0.025*""javascript-frameworks"" + 0.022*""software-architecture"" + 0.020*""newtech"" + 0.020*""microservices"" + 0.020*""test-driven-development"" + 0.020*""big-data""",1,web_development_4,software
98,"0.085*""microsoft-technology"" + 0.063*""microsft"" + 0.053*""azure"" + 0.046*""windows-azure-platform"" + 0.043*""microsoft-azure"" + 0.035*""cloud-computing"" + 0.033*""dotnet"" + 0.026*""csharp"" + 0.017*""softwaredev"" + 0.012*""sqlserver""",1,microsoft,software
99,"0.098*""wordpress"" + 0.097*""webdesign"" + 0.083*""wordpress-themes"" + 0.062*""wordpress-websites"" + 0.062*""blogs"" + 0.060*""web-development"" + 0.055*""wordpress-customization"" + 0.055*""wordpress-plugins"" + 0.051*""online-marketing"" + 0.048*""wordpress-users""",1,wordpress,marketing